x1,x2,x3,y
-0.6022474943836045,0.1182178965557823,-0.09023102305174446,-1.1097982378962412
-0.16977694680475341,0.8488026357849079,-0.5415678245919195,1.9328044137655673
1.0,-1.0,0.4874582184903271,-6.739866337123051
-1.0,0.8278430221957638,0.9692171391500477,8.791057934195045
1.0,1.0,-0.8914281352848761,34.59481218818958
-0.17489946106125798,-0.11362837492779976,-0.20337318638147361,0.884742503171316
1.0,-0.3520457791553506,-0.7553149523124507,5.719600952004351
-0.2719255514215435,0.4066801508250373,0.4058287933278426,-0.38884791809163805
-0.5665759272966029,0.7192077703657815,-1.0,-3.3069704950739927
-0.11337945899439594,-1.0,0.1885711828801897,2.444147071434866
0.4007090600835146,-0.879062959658244,0.47168768038252207,0.860862008204997
0.16695932181169426,0.6248745457620202,-0.23296744717511086,0.7570727432553632
-0.4588909422295615,-0.3202133855064382,0.6955060107300448,0.9890820848891595
-1.0,-0.3177844974225905,-0.650496303981634,-0.12746246166789926
0.5118637261361827,1.0,-0.8897252194270753,10.778904702575007
-0.8101961459943678,0.9798468002465115,-1.0,4.5593530491066625
0.6661956665714173,-1.0,0.5583264703642596,-1.8086490227525844
1.0,-1.0,-0.8536032023142222,-19.516019839835145
0.3634341699891117,-0.056488658677748216,1.0,-0.36467646239809504
0.8361575477277867,-0.7865704561017011,0.11731129132315465,0.5434100085041816
-0.5366222778576033,0.18758161965993603,0.37153567575351976,-1.1664976341607383
1.0,-0.8668372097170043,-0.2228856100827552,-1.5246931158313939
0.3958762044661126,-0.5056128843707637,1.0,-3.137084287107114
-0.5776349285529503,0.4551348636906578,-0.9276280094455127,-2.2922489004100246
-0.8812444502213379,1.0,1.0,15.965438231009015
-0.38899430264017054,-0.3158386188935809,0.9761976860426378,0.8520485183399567
0.6875700482317904,-0.10199379684361021,-0.44811604278962536,1.5528441788790448
-0.4888625242604032,-0.13294384215586463,1.0,0.5941043538743174
0.5427874954776464,-1.0,-0.17181613672693685,-0.3806492498576656
0.9191939649135137,0.3250768242539115,0.4046474711495369,5.352297337750096
-0.4539094033942852,1.0,-1.0,0.5653088688540351
-0.4586765377830955,-1.0,-0.5078599017358092,1.3422142587127786
-1.0,0.16196966866289642,-0.11128718728001763,-5.105216579247383
-0.1512584852190355,-1.0,-1.0,-15.343511285634353
1.0,0.7982483263133733,1.0,26.32419119605789
0.3040517646960559,0.896824736286586,0.21870595301874096,3.215004894617031
-0.05721276168377565,-0.6483246492122698,1.0,-1.4539755034270139
0.7551688160099246,-0.6172433894982767,-0.9674281005534087,-5.474729516792302
1.0,0.22161800083780525,0.8600441397511764,12.355636115392823
-0.5307085934777165,1.0,0.07617829495618533,5.962067438762736
-0.7790208272698473,-1.0,0.6444001079839454,6.811968649205667
0.02950123291554818,-0.03332001329356715,-1.0,-3.0639643390290194
-0.26080968405273475,-0.5352999768067606,-0.3422240265731906,1.5871939156987613
-0.2534511155503296,0.6492199996561314,0.8970432095670502,3.771756772130235
-1.0,0.45930284232958085,1.0,4.472544368556548
-1.0,-0.12735912530261717,-0.7390452523655933,1.3772878349357423
0.13862254385105954,-0.21796286223248873,1.0,-1.7011146368036856
-0.18500706297404634,1.0,1.0,14.559452766986684
-1.0,-0.8246361400195092,1.0,17.441096641301552
-0.2910059406376311,1.0,-0.9609665309858335,2.8111081749997524
0.25758152234888354,0.44413645613229713,0.4322204329476049,0.8369752072280244
0.6998613296184879,0.38562095882495795,-1.0,-0.2610116899931184
-0.7851636006508425,1.0,-0.5204373866882779,4.722217125164038
1.0,-0.5456510013695877,0.515022625175817,4.746060292001872
-0.6869530256261267,-0.48931794804317486,0.039730253557599404,0.564898429233818
-1.0,0.1565822774112784,-0.07115900523721086,-4.350599665922444
-0.04277198586104869,0.6368540238761431,1.0,5.679421518245522
0.08179760619559762,-1.0,0.6034987198165958,-0.056554335378782586
0.2182430986274837,-0.2241691489571409,-0.5714796274228731,1.5625942945776041
-1.0,-0.8081089803754404,0.34998134473848874,5.501329857180403
-1.0,0.2633379263977951,1.0,3.511789392226587
1.0,-1.0,-1.0,-30.479760403873744
0.11759367654207398,-0.16934510749554255,-1.0,-3.7068530209253536
-0.06884571638140335,1.0,1.0,12.709883450757719
-0.7827735922179975,0.6984759360625563,1.0,7.391288404053251
-0.834064714573937,1.0,0.03895552238054023,4.2355658278068
-0.6073547595328195,0.6808399933944367,-0.41483298082318654,-2.0740886729404604
0.43983917170886566,-0.030225316430781968,0.014039643393136236,0.9436273817878904
-0.16090409642930736,0.45320147419333634,-0.1967143183659823,1.1341481331586094
1.0,-1.0,-0.35781719226820097,-9.888172314379743
0.33243011186724125,-1.0,0.9522988941698958,-6.021711875072546
-0.40879425673004555,1.0,-1.0,1.1734003972376552
-0.11735697281801238,0.7704364083479291,-0.9110277263670239,-1.5795884836410934
-1.0,-0.444525200883535,-0.14492655007552857,-1.7703482042617804
-0.2764241066502593,1.0,-0.5546936304345056,7.236435401747515
-0.146290175932428,-1.0,0.3220293125360101,2.6834153443682722
-0.8297536238628849,0.6919225548077945,0.2220672697466175,-3.1865029209464306
0.6554592891074609,0.08592131067764153,-0.8474916280164073,0.9051442880097508
0.5395722003877803,-0.41561385806309414,0.5016465748976795,1.4635605478994012
0.4105688182004086,-0.548668830719566,-0.6037608338223188,0.6930213916196206
0.02158989802681055,-0.2821351650521644,-0.18863062405745135,0.5963972497205743
-0.24434282072939673,0.300426581816994,-0.17024709448167252,0.52232273111115
0.09502252440244674,1.0,-0.35545380876266597,9.313010837017359
0.2648939142666473,-1.0,-0.04609042080123649,0.9629790056321909
1.0,0.5884380466218866,-0.3735250236785195,5.5084790245224
-0.04379133079233588,-0.7110126889979909,1.0,-2.7995132762226347
-0.10412740004523191,0.14927161251275134,0.42654694081399525,0.14690043887664525
-0.0278024791132101,-1.0,-0.5426375823523124,-0.5765005119694981
0.8672186122764214,-0.32369231674416055,-0.8254116528313449,2.4750265752564977
0.35297040234264165,-0.9865932394337171,-1.0,-19.341581388492695
1.0,-0.9558316916086838,-0.9634841246243464,-18.712621451213707
0.16556409868573874,-0.014760874012761827,1.0,-0.42332900982127075
0.3714780961210129,-0.644819351226378,-0.6941789959459561,-0.101026582821091
0.0196184994992481,-0.4377305087234735,0.06438872617660607,0.919607334075143
-0.7419883088413688,1.0,-0.8777842994261009,2.070414591436647
0.3171087748737895,-1.0,0.06399488981066148,0.6530919482716717
0.3826834712025873,0.6368302923435611,-0.8499917355760449,0.38405601374769616
-1.0,-1.0,1.0,22.032887815164585
0.1328058107871697,1.0,-1.0,4.316539238650446
0.1795284101031802,1.0,-0.4512507785571047,10.569124475419503
-1.0,-0.13467636374387237,0.714881423726768,-1.80298466758786
-1.0,-0.313074965530701,-1.0,7.183490252487998
0.4857129028080609,1.0,0.19243174485615722,7.191313268911708
0.00979263777434225,-0.6007661304881593,0.716734830319947,-1.595148663652036
-0.3288465676164254,-0.30630298563621094,0.9487397063365488,0.27881519191136817
-0.3185125169179721,-0.24243584966629017,1.0,0.5363747873170822
1.0,-0.43093623816562854,-0.5530102714852638,6.042910757452987
-0.9709400414050389,-1.0,0.7192601557056262,14.810560160178351
-0.7012234313424939,-0.9170356585195898,-0.743577005621715,-0.8126851787573602
-0.14182425012599653,0.15081174486110616,1.0,0.8479584867963732
-1.0,-0.09762047448431366,-1.0,9.870892442712089
-0.4010890351819234,0.43293125417713507,-0.29535137114458987,-1.6638802497307577
-1.0,0.36955012085735306,-0.7937364421273694,5.868548687944914
-0.34957814600172843,0.14006238032852747,-0.41195489381559414,0.5729157817379334
0.02712087353904291,0.9135788132826268,-0.9264644769321373,1.6218108509431242
-0.44125444441542494,-1.0,-1.0,-13.297994900547508
-1.0,-0.589128156910135,-0.5273334995473191,0.3545333063407918
-0.6673821630726868,-0.7660674778636267,0.13954155752694763,2.2855806491464783
-0.4836529447828797,0.14709370317666637,-1.0,-1.7615325425255395
-1.0,0.3315627732819384,0.549829837966554,-5.072731371601942
0.6879921993069151,-1.0,0.7742575260980196,-2.8911914373620324
1.0,-0.5632777971249474,1.0,3.8285509571455147
0.6052744123490508,-0.47120898362125296,0.9456818261261373,-2.247929937333136
-0.13270748785461062,-1.0,0.04854156064561588,3.4985442538365388
-0.8867822106912695,0.4238629100633218,-1.0,9.398163860020645
0.332508702919293,0.3818151616915477,-0.6548763679108744,1.3999197551812315
-0.06966523624218746,-1.0,-0.07166984815790634,2.65436094688904
-0.2202209544342122,1.0,1.0,14.233269535197241
-0.7467675336740336,1.0,0.35471417785713943,3.234522656811273
0.8248014448608518,1.0,0.5078404114238504,8.935452069629905
-0.010270189012410169,0.9323206872266374,0.8453883057619394,8.06494119361037
0.849421697229158,0.3446404140327184,0.7887822856559732,7.160484357976639
-1.0,-1.0,0.830639494877299,18.406622211937567
0.5758049473592646,0.0822206145846589,-0.48328305153211915,1.2196994516440338
-0.13763943489489705,1.0,-0.1580600550046498,8.382928231878536
0.8249674923623251,-0.7785705273437089,-0.17438431795026754,1.8770807257732776
-1.0,-0.8747157916868278,-0.14561873847618734,4.068771906508036
0.008159969364510689,-1.0,0.9774344261006707,-5.945129223579013
-0.7184766275622918,0.5239253553817114,-1.0,1.0845600755257996
-0.3790629525025848,-1.0,-1.0,-13.574473463981949
-0.6184705012296696,-0.09928242587735703,0.26216684862669193,-1.0003032631733615
0.9274151886836586,0.1822767536181471,1.0,11.818006939140357
-0.3849142260562455,-0.29610139023832827,0.8879229190224835,0.45977597955609983
-0.5587147393068106,0.48419856541269324,1.0,4.57845211449294
-1.0,0.4941866029574975,0.5904177674293283,-4.669550773596634
-0.28087694762675985,0.9656986386187874,0.26193177955765146,4.462503081188378
1.0,0.12749237474465747,1.0,14.48882286265478
0.5102615553867,-1.0,-0.1162570960699556,-0.36891859669284144
1.0,-1.0,1.0,-9.39464271223202
-0.58831983534345,-0.1779002282729314,-0.05199096959442495,-0.26785965520337823
0.40507843911460206,-1.0,0.7122791672406139,-1.1642685928792043
0.6615456787823741,1.0,-0.7880655657618836,13.6039665449848
-0.26494756527085217,1.0,0.4006219221897094,7.095777315814784
-0.6914048346041273,-0.7543191782860368,-0.26288867230977764,2.3180784538851595
0.6535692173284644,0.14548085733761518,-1.0,-1.0303070036365942
-0.2132641218482323,0.6139313161223412,-0.5248178556904872,-0.17265060838050864
0.34385685671984345,-0.5268113682642419,-1.0,-7.606653586523152
0.42022155131561845,0.48588446482627523,0.8494989446454151,1.8433476606175405
-0.5278266729942154,-1.0,0.18850221478830065,4.0345127916136665
0.24555307191824305,0.2875215409581142,-0.9855278110863797,-3.08859881355624
-0.43553200829026606,0.2046754996472242,-0.8065872179900329,-0.01597793909645151
0.9959392396544997,-0.0064413895427937184,-0.988179030320862,7.300611010333646
0.2692372709576669,0.6460579346227604,0.7574132765851171,2.3739248226520187
0.07855949336673329,-0.07378478026122237,-0.8043620895247574,-0.3343325770501083
0.8802469735036875,-0.39026464425565544,0.8392313387086898,2.017721648116885
1.0,0.9617245113207902,-0.48937403517331646,16.591074712066625
-0.7771811666646016,-1.0,-0.02393926872775154,5.908957230884481
1.0,0.1316453055202118,-0.6561861407214633,6.75567668533605
-0.16626059849954467,-0.3086169312196676,0.8381970746643914,-0.27156314400425574
0.10029022148588274,0.0094630980135757,-1.0,-2.902608896213731
1.0,1.0,-1.0,39.450163399155365
1.0,-0.45664466618294464,-0.4545513903714382,4.149938689423319
0.936455555809369,-0.5105995467314155,0.08115566240956107,3.1250034816247125
1.0,0.9746445034859801,0.9350550951814811,23.325736161728265
-1.0,-0.026068427011523232,-0.06869057831057912,-4.359890383869424
-0.15486305488700713,0.6731593451899835,1.0,5.828138054222748
-0.6635194932897814,0.154355784800275,-0.1273272413680797,-1.1154407591043047
-0.9296173552749383,-0.3763904861147578,1.0,5.118996473455573
1.0,0.9713233488301334,1.0,25.888665565490758
0.3810441284598738,0.7119644687103637,-0.9151533697070429,-0.7016791701849381
0.5336432784053937,0.7787353380841187,-0.20645375207048478,2.6249856701003225
1.0,0.4602298308307291,-0.5608826225173023,5.11836296836969
0.5572319189925963,0.6212877803542232,0.2921198473540776,1.1755033621655553
-0.16223943108329864,0.5636846333177663,-0.694861272831675,-0.7622399782520335
-0.048664463145059234,1.0,0.47204803805929707,7.553337743783736
-0.36319796634748247,0.22182495043115913,-0.05300527423924195,-0.3632079726068229
1.0,0.1278945621721339,0.4866208960902787,7.276286488768119
-0.37854044555223276,-0.024824471505081824,-0.5690753579695913,0.6638938777552827
-0.6746661414992796,-0.8718245307709489,-1.0,-3.050980542165993
-1.0,-0.9372164281186739,-0.1987191968745674,5.580882176034293
1.0,-0.4712406951202317,-1.0,2.2120110074631034
-1.0,-1.0,1.0,22.90593834247889
0.6142503701376054,-1.0,1.0,-7.447930091347466
-0.5705968207924006,-0.5539294236067358,0.133215334610703,0.5808530142922518
-0.6450917755647314,0.7651799636220771,0.08312720716344102,-0.9629503607001362
-0.155886418586213,-0.9378028404577623,-0.8334321617183078,-5.000156379433281
0.5350176237209836,0.27006545765788026,-0.9729679774170303,-1.1224257719535082
-0.14682630635835014,0.563437534733013,1.0,3.6323005890736004
0.7241422857648638,0.6007965804477571,-0.26213470162499,1.5016864707024187
-0.6700821214125952,-0.26979205339402346,-0.21288535258636876,0.26172186464576064
-0.15205038733771703,0.3629697825608047,0.7225572946946464,0.062071930650442905
1.0,0.380355314966363,1.0,19.677099393728728
-1.0,-0.1049932197528507,0.384564294362598,-4.254707600646996
0.5096939126183568,0.9773695020585393,1.0,8.822181310847661
0.15154921748441863,-0.037804716568671015,-0.043316612219850725,1.1722811999121001
-0.5140938268512123,-1.0,-0.8073831427343989,-3.9037251547901626
0.029463970146569096,-0.7393764647702479,-1.0,-9.181729393363327
0.014940174449347143,-0.8859707329587421,-0.21355319524380034,2.9098684319871078
1.0,-0.9848666887095268,-0.7799497586150792,-14.281228288852319
1.0,1.0,0.12456547332951118,14.151776957288495
0.9625897340008693,0.3243925800043157,-0.10768135328152173,4.63444338231082
-0.859356320415293,0.5910373236230724,-0.9348372726295133,5.387666008115643
1.0,1.0,0.5848147141278328,14.825631009721834
0.007087705718804571,-1.0,1.0,-6.845260363853298
-0.5880663652339619,0.42286494916820927,-0.18364969542439358,-2.1974351161720413
-1.0,0.21167595081811275,0.5300534118696856,-4.8672388592812235
0.49687322799013756,-1.0,-1.0,-22.405898571147226
-1.0,-1.0,0.9560978120481198,20.8822898652619
0.8439388614273122,0.5781188182283801,-0.7655206163653951,2.066065677537903
0.582213253549162,-0.02598299798513759,0.35404667562337,1.2560339038504726
0.46190378288094447,0.12971162650022783,1.0,0.3287654169376395
0.8302462438318523,-0.24021869047309719,-0.1998908769621064,1.7306230447795365
-0.07943106866770067,0.6912228939270024,-0.39008635803729197,0.8278504115028399
1.0,0.37629102730131536,0.6841471498111078,10.069025708609692
-0.8592312369543356,-0.8065117771644819,-0.39452680495232806,3.158312078859511
-0.39216714708360745,0.8596300278495619,-0.37065945542787015,1.9240694351811305
-1.0,0.20140703592903453,0.03892742890554324,-4.619419032780901
-1.0,1.0,-0.13009205718908778,9.09224557271699
0.31224288969672376,0.3927400745458096,0.35914104990614515,1.5891234985325686
1.0,-0.014843479766162515,-0.40473851062223876,4.422678531378086
-0.0164579008591188,-0.9923607746854926,1.0,-6.170478568276689
0.14540048846528508,0.46117919664587115,-0.9323712548895187,-1.6104355296034716
-1.0,0.30858788454945896,0.5226487188255768,-4.878906254075268
-1.0,0.535269052197572,-0.1780699819737528,-1.3474253735487358
-1.0,1.0,-0.629741520408803,13.18562225147376
-0.06035872953302124,-1.0,0.34269162615282034,0.9435167876099677
0.3785522315238776,-0.891185207937857,-0.8317433963720668,-5.9105175169576505
0.11633264342074456,-0.32085193161733083,0.14463221598083842,1.2548824764593187
0.07724892301131914,-1.0,0.3048879831071831,1.252542110669473
-1.0,0.11137470014067241,0.3615346068223284,-4.131229677153894
0.8455322412431663,-0.21223884599410114,0.7899848526655084,3.3913488006833217
-0.73295666911167,0.21960730329665146,-0.3173132699757526,-1.9578617770083933
-0.9922851675858217,0.32374239950696393,-0.5693269517738073,0.1053572103572208
0.2940027187256542,-1.0,0.7153394175872914,-1.1088136207480634
0.058099330548871064,1.0,0.7738418889065222,9.133192150079912
-1.0,-0.8313446487595451,-0.018106895759474995,3.872721076726926
-0.20459284302442993,0.07755979600086649,0.7837720370052268,-0.19166901369224
0.4916265276166527,-0.5968557868771267,0.9649622731985013,-3.218986656002593
0.06601551311988141,0.7340563445723978,-0.8171103305124554,0.6740371015736227
0.3088874467663396,0.39541804846630146,-1.0,-3.5153787413148208
0.2973121490487245,-1.0,-0.154438250349757,1.4520028882265041
0.1059664682812107,-1.0,1.0,-7.556076696688869
0.6996184758749497,-0.7663014992637016,-0.24565395371375032,0.1596060360974732
0.5277945214244553,0.08049559247320959,0.03088376818404459,1.7467760500532525
0.4126440966933862,-0.10195445395074332,-0.7827916730548932,0.5215061883595907
-0.8831468497733674,1.0,-1.0,9.172120867981523
0.9220309621484271,-0.7186857269161724,0.5259573617423117,1.2811828887961427
-0.15207418389378935,-0.7953684839983208,1.0,-2.6001614723766204
0.25829589319440993,0.8260555482286775,1.0,7.258204934165332
-0.8117799750403432,-0.7907126995094482,0.6135949787524879,4.500830607342059
-0.5577139274149037,-1.0,1.0,-0.8340089453960016
0.8466845481582899,-0.3907873673152078,0.04220082597633312,1.6768320255037117
-0.8779897552830114,0.9120671616856704,-0.31238573846572937,2.7639752092770675
0.2646070133926872,1.0,0.1797784328580787,7.351643257733001
-0.6775808244136088,-0.13514010934073362,1.0,1.7993506049087202
-0.12953152735592033,-1.0,0.3593728081146037,2.184279992813584
-1.0,0.14348789925628225,0.8344631857121576,-1.53863008002349
1.0,-0.17951465430764468,-0.6895048924673051,5.955394377272378
-1.0,-1.0,-1.0,2.9848274627133655
0.6167994566548669,1.0,1.0,9.953817103058546
0.5847488864705599,0.8297992378995591,1.0,8.70157693007491
-1.0,-0.34674484496933067,0.9221755492223753,4.636892255761275
-1.0,0.8942639774182146,0.37956394600816923,-0.6524079843992852
0.523381071115878,0.15968215685265075,-1.0,-2.6517294966957423
0.20998821333033435,-0.507851756326064,0.3636278837795559,0.48418642982715265
-0.29033471580424663,0.6075642984854754,-0.33578920276393065,0.570701915998949
0.19722302962705962,0.8929661645805125,-0.3344193527899191,4.664720647161623
1.0,0.6180432976750967,0.2295632498490301,8.75983584740374
-0.09247095382774173,1.0,-0.36478988174421034,9.11287178647692
-1.0,0.24616436998037594,-0.4648956151462036,-2.214017023331445
-0.3309026587790811,-0.43501757491289483,0.553926625899454,0.01622632232488408
-0.24489753826107052,-0.3925742300702353,-0.3435829857484185,1.4515285111936547
-0.3491160142690162,-0.9324590992702044,-1.0,-11.315592944071156
0.08233438939979054,0.538407349608375,0.4545103433614608,0.5828683822359553
-0.9846947418822218,0.6533760543528384,-0.003229418647657578,-2.1371032334077844
-0.8388128216939357,-0.4857885924341345,-0.19055762576027124,-0.09914675604388012
-0.1484803681288478,-0.746394522363409,0.06365264207363674,1.746654990000035
-1.0,-0.04278345869804778,0.23905608994750893,-4.162849301534954
-1.0,-1.0,-0.32182812111368153,5.940327863011144
-1.0,0.14462275738229313,-0.29021674116520635,-2.992613252295246
1.0,1.0,-0.22096423963344414,15.889406584028114
0.7099584667501149,-1.0,1.0,-6.999949255823428
-0.46445585411787715,-1.0,-0.41701778415993385,1.8295134054513074
1.0,0.5404830647010255,0.3279799518372446,8.530056894439156
-0.19476157645626002,0.265613186370129,0.9375422783607499,0.9870551979662417
-0.4297969966834172,-0.9717695059562952,-0.823913544408339,-4.670714250924037
-0.30980938451198803,-1.0,-0.8691684295373638,-7.873839762902982
1.0,-0.5116259457481,0.4656649452618953,4.821329035286065
-1.0,-0.2833184184159492,0.28789273806256155,-2.6679917924176677
-0.5794011636010479,-0.19885148489094284,-0.600505332675175,-0.09403990721680533
0.8650495356945282,-0.019058720074760505,-0.7654005665381589,3.2332552350924417
0.27051664057972324,1.0,-0.5833193258188925,10.630073395015415
-1.0,-0.8279034571171411,-1.0,4.536344312261552
0.10083881198291844,-1.0,0.06614295010156712,1.9222256514296434
-0.8026756291720336,-0.5261662764580695,1.0,4.791798800223885
-1.0,0.12735213588745853,-0.808261673755329,3.872849866435762
1.0,-0.4936950513268017,0.7695139729412039,5.511817604720148
-0.6041150073529427,1.0,0.6816295331231663,6.362209530293099
0.3567503191986088,-0.792217956750177,0.09033575634385671,0.8872179834782197
-0.903062453371023,-0.18117545984682093,-0.7738990141729343,1.2461392239521318
-0.2863432190275321,-0.35266004870671064,-1.0,-3.345017025268291
0.51525340683629,-0.48259348832418136,-1.0,-6.265968972526457
-0.9146601031717656,0.04706500683535242,-1.0,8.097255184289674
-1.0,-0.27865615973241975,-0.556646240332124,-1.6492204079828672
0.0019117027981110368,0.6101982228361675,0.5332077922229266,0.3108815245443408
0.8448656001132391,-0.07439996859835873,1.0,3.5368691029574393
0.11525835441345333,0.9174408517834112,0.5154030632251274,5.407788044464201
0.32274411867817876,1.0,-0.029568548953774476,8.646495468873617
-0.024893046867614066,0.7680970889421965,0.2807612540035136,1.3557064276862225
0.2098541295467391,-0.544501341766799,-1.0,-6.838066151024205
-1.0,1.0,0.5235872020142991,0.88557692379338
0.9095381451651192,-1.0,0.002277583157398899,-6.176755479247167
-1.0,0.7647012996151412,-0.8574080750403423,12.249312020237545
1.0,0.899335006869975,0.21732670383938624,10.992477503601597
-1.0,-1.0,-0.5902753693445884,4.945660777295323
-1.0,-0.8398688773882281,1.0,18.056598254597443
-0.6281817288008624,1.0,-1.0,0.22548358484573627
0.12352431995240853,-0.5409175256532301,-0.9121731460975273,-2.6373743444955693
-0.22001311253254419,-0.03202211908550434,1.0,0.26684103944352167
-0.47634693543965456,-1.0,0.534497696195587,3.2928242198746687
-0.5432547176307225,1.0,0.5920296895007453,6.098544192140932
0.536093998524285,-0.46836976473560754,0.5985467504724304,1.0218869745741643
0.020525777985112015,0.24945450993060048,1.0,1.703499498741491
0.6728702559199422,-0.2855734998636261,0.5977165974161376,1.837686758347036
-0.3084164588293228,-0.062093477556407706,0.002795316989011365,0.2272861930196519
0.4974923888581466,1.0,0.5105159456836481,7.755482028285921
1.0,1.0,1.0,26.347197770321362
-0.4409287244036213,0.5264617527148296,0.36300028732321676,-1.4713667234459442
-0.8868504923528364,0.41865785746152584,0.9054525743756108,0.09941134106470284
1.0,1.0,-1.0,39.28348470359588
-1.0,-1.0,0.7965466205930385,17.151962120040356
0.6073356748221415,-0.29285810653940225,-0.7985726417670092,1.6976262778712978
-0.25323360882658474,0.536023403316753,0.40776771485514063,-0.5389056665135632
-1.0,-1.0,-0.4697225119474433,5.419204113574808
-1.0,1.0,1.0,17.051046328041924
1.0,-0.08779927738351834,0.6615155915074438,7.695458091345379
-0.5095486278492611,0.6609671882605677,0.2253714726833851,-0.7202236542837852
-0.2212795459617516,-0.3591202217310874,0.9969455207842757,-0.30083821374367586
0.1257489098912874,-0.5344310647384998,-0.45322263944073793,1.0940897080419545
-0.2835300631325368,-1.0,-1.0,-14.056258556129865
0.3167202546029235,-1.0,0.14666812911195093,1.1926695523431698
0.046840682829754066,-0.2875240569928357,-0.2109115773741863,0.8916144783648338
0.2834295473898032,0.17085482088370663,-0.1635618993245731,1.2907420411544712
0.6775487171131229,-0.3173651275410676,-0.705032368506092,1.731656862407341
-1.0,-0.02730237887901521,1.0,3.65083100637057
-1.0,-1.0,-0.1187810423228044,7.143732036008057
0.12084608010656384,-0.2061395204987122,1.0,-0.37000843820268625
-0.3613803388306507,-1.0,-0.6845487041639384,-2.164875026045667
0.3738714259992628,-0.5013866373980203,-0.7882446342466061,-0.06860354171302557
0.4121611033450905,1.0,-0.021813204191025504,8.103307478049537
-0.7881714349269502,1.0,-0.3554174344652279,5.316464791239496
-1.0,0.7044435635084796,0.7514686051659039,-2.2969249582908913
-1.0,0.4518433404082487,-0.4179013089018786,-0.7551216286089646
1.0,-1.0,1.0,-9.328044589231068
0.125965399837221,-0.024320209982521934,-0.02920260365195193,1.511683638411346
1.0,0.8081955356568309,-0.8129855649461231,14.748212804713534
-1.0,-0.6893500611595516,0.4715913406942105,3.6164280858430424
0.7083679698620264,1.0,0.628198918981292,7.667348738499037
-0.2834550095891448,-0.6704396732360143,-0.18864561213445974,1.6980070334479356
1.0,1.0,-1.0,39.25965427581684
-0.5575715228007436,-0.550378324032488,-1.0,-1.7131819512277968
-0.001744675585001243,-0.36060065057406576,1.0,-1.6961449077956412
-1.0,0.20982547239656202,-1.0,13.246138245499225
-0.8673086314503162,-0.06947495269592463,0.3726032121783933,-2.324254078329054
1.0,0.17956331551788685,-0.9210861761878475,9.052306137245248
0.31549314234837,0.15309927607618468,-0.6328252518252266,0.9817120241376226
-0.22036000883777818,-1.0,-0.408384606414953,2.322064528362964
1.0,-0.7645516045753791,-0.825437267874479,0.982987340681257
1.0,0.1783090233016109,-0.40475712781986406,4.621297131780538
0.7340762601803896,0.3740350012944682,0.9087762025159272,5.316491408374343
-0.371730605385018,0.058924261099792874,-1.0,-1.4145558545919
-1.0,-0.8819071383287338,-1.0,4.227751410966078
-1.0,1.0,0.5564923089122171,1.0760508231456878
0.6520197722410315,-0.02926693432388583,0.45372300137556687,2.100959946704528
0.8252630509683372,-0.0755852799246739,0.26762661455102865,2.623107168183101
-1.0,-0.9271541643951471,-0.3624171519873769,5.124475932547793
-0.005316373422756371,0.14225279927517898,0.7933052232494955,0.7622899341768209
-1.0,-0.32052996057678973,0.9777268812195563,4.876055269788683
-0.809693526595431,-0.24149462724378368,0.7886070930739757,0.21083828941079552
-0.015306297767585297,0.9981774477701482,0.6196652181713205,8.021370435802082
0.4807510748530066,0.31058859224825075,-0.9136013372150869,-0.34106675730983327
-1.0,-0.16850443371253587,0.12250171581444613,-3.4345767903050732
0.2495260782464197,-0.12690035987742365,0.41761943004190916,1.6473978204304074
1.0,-0.2843935687090673,-0.7872120802019165,6.778050143210425
-0.12950559369853143,-0.8752970064814245,-0.3484606801801955,1.6529285314559086
1.0,0.14372393989007448,-0.47225322741020226,4.6782121729339945
-0.7647520483195895,-0.14304322703766248,-1.0,3.807716730872592
-0.04853327398632756,0.10137506457584666,0.8244068826627926,-0.42921937092288165
-1.0,-0.44117678789866743,-0.9154422695358169,2.9934901790856783
-0.13641649583843773,-1.0,-0.40425502905598343,1.6086311072132324
-0.04061403705607325,-0.8565207528993344,1.0,-3.1370464419447246
-0.8098326926842427,-0.10498346958824856,-0.6717812260876785,1.2777208981695565
-1.0,1.0,-1.0,21.43620265527619
0.7585226792687809,-0.6034748157785474,-0.07953258297335664,1.2253427032556847
-0.04387031071930059,-0.2528248480258446,-0.1700266278006457,1.4198314519443063
-1.0,-0.9282922703076526,0.036887240493150175,6.431160173248251
1.0,-0.258975994139782,-0.17802502723680935,3.541885002319839
0.010992023022631692,0.6777525804716746,0.08519639246679556,0.5957475313705227
-0.5199433243262697,0.8987570647571699,-1.0,-2.5772962467872627
-0.5937905356402096,0.02088664278017016,1.0,2.3993813529430286
1.0,0.6552658192174234,0.5245061934135995,10.608030706075093
-0.40772835957500364,-1.0,1.0,-4.267738662496252
-0.21652850306395943,-0.31430370701748234,-0.11783026256491502,-0.07260265830821644
0.38437326500872393,-1.0,0.5611210928146102,0.5118263170620264
-0.8720095973456561,1.0,-1.0,8.601038646793056
0.4999990081114636,-0.612175030355169,0.012585159050298556,1.0849102353747746
0.8753503258654374,-0.5262369144355779,0.3490759499742997,1.89508018679349
0.5447428511570143,1.0,-0.9602640529341999,8.73542623403841
0.4665809376319143,0.4280246648195225,-1.0,-1.8647232715889042
0.4672239844358361,-0.4133207546713371,0.19615188073101475,0.19510446073319576
0.3999267828734443,-0.8928456599667416,0.8754200206366713,-2.4616360192710744
-0.2222945938584011,-0.4480388553349328,-0.319354688770495,1.191697234619821
1.0,-0.8445567521315622,-0.43765264344960775,-0.3592480414128006
-0.7473368167387848,-1.0,-0.6460275928513701,1.4268765016931677
-0.5872178647153627,0.6095455231650404,-0.5580038565000314,-1.6292317549277089
0.6467312963926333,-1.0,-0.6638161762576877,-7.958240711256095
0.5103981332384715,1.0,0.10102074913754433,6.92418921676823
-0.8880406300583013,-0.09527590703559174,-0.1495776440003609,-2.090410428447416
0.9014729329571756,-0.46261254028458887,-0.5212862264442946,2.4965731787337897
0.5814639618819413,-0.13368811469060038,-0.6071311809221298,1.7312694252150174
1.0,-0.06341213627234543,0.17225835670769118,4.3935830675217975
0.9488988866753789,0.3031639660297145,0.0883442029852961,4.773787161982386
-0.2548773119656651,0.7273174959568431,-0.9283182421204978,-1.8298198242992156
-1.0,0.47058021159717867,-1.0,17.3507844958383
-0.13959154185155564,0.7224202559172683,-0.4322028593675493,-0.12299678094563204
-1.0,-1.0,1.0,22.68647851848355
-1.0,-1.0,0.7517465102248726,16.724495577962088
-0.5214892228550989,-0.15903677266707872,-0.8061267828514569,-0.11709343319464399
1.0,0.36173590883202733,-0.39783225504044406,4.8036714557188995
0.6513982322434682,-0.25797627364971976,0.6872044879378201,1.357254423186048
1.0,-1.0,0.1240251708315574,-8.432633877973917
0.26482524428451093,0.816914055255449,-1.0,-1.9928323900397997
0.6215076197249427,0.5703037850495234,1.0,6.0231224596440365
-0.3774782008906823,-0.7639127732050199,0.7231902403208956,1.2451091750950174
-1.0,-0.40091741731901753,-0.654828310122767,-0.9042913948689237
-1.0,0.41446140694071465,0.4463884503468909,-4.527255353667261
0.5098905460376206,0.039582925188013984,-0.06012583779289038,1.4878883239189937
1.0,-0.23025930763454894,-1.0,5.52813166359216
-0.40388522759493095,-0.09130455352546818,0.2840998019317931,0.14382642139947802
0.08489661213688815,-0.2017697020925302,0.07323293046799528,0.866226546615389
-1.0,0.7083091465703328,-0.45933726001030295,2.8607836054744573
0.15287575339506487,-0.4591514063671269,1.0,-2.312130145390025
0.27675416102492467,-0.5732591417754525,-1.0,-7.533027578515452
-0.9764038417217509,-0.8147690948281487,-1.0,4.221285753730438
1.0,0.23740315910164367,0.443798419557462,7.463386519826833
-0.9076774299137345,0.183508972874175,0.7808365145166081,-2.0627105833766572
0.6118428299278886,-0.3581933171476468,-0.9541333157014882,-3.0896871484075943
1.0,0.5013208361548143,1.0,22.66061229097295
-1.0,-1.0,-0.27233530718983934,6.803568196123301
0.7457547338902994,0.4014473445470472,-1.0,-0.796600998614246
0.632796078220675,0.1644000649000874,0.7133456874554707,1.8350611539104653
-0.34393301285351496,-0.5963282148739235,-0.6727681768703306,-0.12376343312362156
-0.6686909270435413,-0.7614272952480119,-0.07525892084722341,3.279043845066056
0.5423707831756279,0.18151481538569114,0.08141157683418854,1.0198032361863358
1.0,0.32540014158554764,0.3185584764510021,6.855276083544287
-0.2614346034959798,0.9121341305697761,0.599642564722709,4.464105664764458
0.4530033033557599,-1.0,0.33683258066002986,-0.04389932013829018
-0.6620579684838444,0.47621566634461887,0.33654579178715505,-2.0735088338317067
0.31663477038323373,-0.24136332579486908,-0.8002912889955465,0.16076971099140958
-0.7500029004312634,-0.8304376601733383,1.0,6.2591228152623515
0.34820172486294076,-0.13817736254277646,0.38588369942825684,0.5932960768093876
0.3295850728740024,-0.28709884527272833,-1.0,-4.853420785925113
-1.0,0.028825920696592622,0.09536065529110305,-5.83434512154648
0.3958708660088066,0.6467656748259172,0.2902798708699059,0.43739981567750796
0.8787245579581764,-1.0,0.059496255993494174,-5.172204043194614
0.12768703514564117,0.7149953813026906,1.0,5.321698407520933
0.04869043852121391,0.05377842504814834,1.0,0.3201957176650607
0.12122711000584485,0.929412899522525,0.2738286133580947,4.775673722906694
0.16110524199534404,0.6146213270161935,1.0,4.5225730517203235
-1.0,1.0,1.0,16.807693876238158
-0.34010172613723166,-0.9610778670515601,-0.09116845786867689,2.950742699384667
0.015976095097272935,-0.6338576168940968,1.0,-1.6870827734658682
0.4261635086757729,0.7606460993046413,-0.14892380918383719,2.1700135566608076
-0.9417794585916697,-0.6540073132628492,-0.36575580781176176,1.374461951118611
-0.5985760555217665,-0.21665162878622923,0.41285762592678754,0.30249799375174796
0.41044882012784334,1.0,-1.0,7.090872498226154
0.46159570608104517,1.0,-0.7853200604245985,12.029387023376927
-1.0,-1.0,0.1855777728298209,8.736749066345546
-0.5755695772545626,0.7635530628351208,-0.13792355226340725,-0.6268118551960415
0.024680807391456838,0.8692017352127182,0.9086727505221495,7.8171336128181155
-0.46162124661273385,-0.3651197787279179,1.0,1.5148720960390416
-0.00036733279935674545,1.0,-1.0,3.610155685349761
-1.0,-0.3280997323673145,0.17156319804120135,-2.0545904033033935
-0.07748323028268467,0.12639504060117113,1.0,1.0004251598518887
-1.0,-0.7165676504233822,-1.0,4.590329225555816
0.11601709805982408,0.5841687187315387,-0.892180470377129,-1.0906482752736635
0.795357071537407,-0.37777364916246126,-0.15856338176548612,2.5158859458668577
-0.8899440935800043,-0.39618960890625843,0.6184057041240176,1.0808968804661951
0.7880759707520844,0.9840410281200465,0.1285267694723644,8.075569417071994
0.6531638162289504,0.17437454000962882,-0.7405336875263981,1.033452222765121
0.1953683018008714,1.0,-0.12083476734353438,8.588066387735482
0.9180360894490145,1.0,-0.6747957800442144,19.533096481391738
-0.32558859912995963,1.0,1.0,15.967593917260437
-0.44006408580198086,0.3144888527555234,-0.23711851688451602,-0.8498047842522461
0.462625156677011,-0.6860683838192982,0.48873615923728675,0.08119132775292093
-1.0,-0.7561080922563495,-0.20074959354485622,2.425134396925513
-0.3392422317011672,-0.7481289869581391,1.0,-0.8705483314924678
-0.6837292627780995,-1.0,-1.0,-7.182289535737432
-0.6712624327049164,-0.35358807172306084,1.0,2.6374913092477104
-0.9864309040027068,0.02460942761180207,0.1832322636571746,-3.4380369663272567
0.862515034916022,0.5057718796964481,-1.0,3.881933247923046
-0.34823136712226077,0.06528007415420678,-0.3081183583409828,-0.12636045837068394
0.010034375556422725,-0.6916534563918812,-0.7596986058900024,-1.704926460833085
0.3126065900623689,1.0,-0.09528835613643105,9.245378024581804
1.0,-0.8105134850583648,-0.01643972222687884,-0.2305740780880795
-1.0,-0.8883482907742888,-0.9767948830441964,4.0392751036860854
-0.2966521232179782,1.0,0.0989747096167084,6.825092395610801
-0.6780926450360798,-1.0,0.15840900227760346,4.977767134842359
-0.7087695479217777,-0.9261823870088921,0.03297555456575041,4.345837308018422
0.7082350142717295,-0.18283571356006356,-0.5482532710465808,1.40518324699726
0.6379921316295425,0.5972431617574661,-1.0,-1.8940325143930608
-1.0,1.0,-0.592762237126286,13.304484701986947
-0.02821067609473049,0.601905193403163,0.4077149308596548,0.11310489169828719
0.040523222568063844,-1.0,0.39444717759698866,1.7189108216153022
-0.06400246970385015,-0.06128413356129503,0.5114001101152774,-0.01508599103444
-0.33640588443336994,-0.5292737095253073,-0.9653981839889341,-3.6279078507984193
0.05013594592208581,1.0,-0.725890726701746,10.27950377978109
-0.1460032410681873,-0.29795040841447906,-0.22513219451574096,1.2703980047766077
1.0,-0.7075961750307507,-0.23857746599482277,3.325476985629289
-1.0,-1.0,-1.0,2.255382910114245
-0.08414340103307127,0.7609258451922545,0.8731570062153029,4.611871230492412
-0.29935317875549394,0.8041912437373164,-0.011047844335635215,0.7092283169163358
-1.0,-0.7850745778174899,-0.390290892832694,2.65065167198087
0.4272966618716416,1.0,-1.0,6.399085253836914
-0.8125452244432145,-1.0,0.35243011582199957,7.482037999298738
-0.6961646768391252,-0.5722557870702205,0.5515095201093678,2.1108474460824573
0.9944281803302666,1.0,1.0,25.605651807323937
0.6935922432367991,0.23589933175845212,0.07102472024559248,1.6655466894786601
0.853600000832645,-0.08897553029146832,-1.0,0.866581137467552
-0.09680796066153419,-0.5653553124251138,-0.08297631105103886,1.3752625871587423
0.9046552000749284,0.8818280459992776,-0.03474911391143398,6.735363575753399
0.7150195044126517,-0.4565411481049406,-0.2789167648480928,1.1834131263082817
-0.7902888435104771,-0.3572797189194865,1.0,3.648123842560945
-0.7349639887926593,0.6915255509415192,-0.7469566270546386,-1.1071847713374479
0.6679031528342707,0.02901881381568283,-0.18631784196696244,1.1568384532728053
0.2759027124432909,0.7810495420858412,-0.21141487424300043,2.866759981799341
0.3886717046564909,0.3505924936861189,0.7794796384820293,1.2979827017114396
-0.24743425552149478,-0.05723670386856683,0.6103394886813545,0.045979170555860246
0.8786114987133316,-0.34337735142898573,0.02735580083156286,2.373450324483663
-0.0064920294700763215,0.5565761469559531,-0.31767571754465784,0.6943272613172607
-0.11123342765110644,-1.0,-0.08932935661898278,3.1582178541626367
-0.10995294836655045,-0.1319076660630698,-0.26224482103303104,0.9922110107723848
-0.43976833155149975,0.6393220175756986,1.0,6.217780739394898
0.5820391946192833,-0.7320079504216483,-0.4402120238478693,0.14523230947761823
-1.0,-0.03298223652160148,0.6644059594919982,-2.5639931965131506
0.2495818164147965,0.5021244882452152,-0.6409543802937141,0.5531484047228636
-1.0,-1.0,-0.1944651691243966,6.4773107492895585
0.21565441565179078,1.0,0.27006400266348973,7.555660613114447
1.0,1.0,-0.8719264777823184,33.75727604806736
-0.08854953277549638,-0.1469099275544108,0.4809697472108174,-0.014570644610965466
0.08693217840815959,-1.0,-0.4869510951181806,-0.2497768730363214
0.5237973221412127,-0.39831823331379024,-0.5368704740081662,0.7582289467508905
-1.0,0.7349809263599776,0.5314947213541463,-2.118950699956863
1.0,1.0,0.644448689866294,15.18166538464991
0.7315348634121117,-0.011468399395073714,0.22190375482598856,1.8920687789824413
1.0,-0.612585503446037,0.23613227189547392,2.9875364008665555
-0.5162723698621163,1.0,-1.0,0.11360199637148721
-0.04467844198952453,-0.04947680626996798,0.8579096605956515,-0.6529553046905177
1.0,-1.0,0.7049981736470745,-5.940273951294953
0.3496699548623161,-0.3822978314734815,0.6079506967959192,1.2699382643266035
-0.3010339718814381,-0.4845088610367183,-1.0,-4.51107240134507
0.9339920155629704,-0.905665496989424,-0.6760772115797535,-4.772431652445534
-0.3501241168654885,-0.5354792930915109,1.0,0.6572994749287465
0.29462743811295855,1.0,0.11882646431889166,8.0919054137078
-0.49431658048195315,-0.008240227287844348,-1.0,-0.8390757488924011
-0.19974227927070798,-0.5606348056966979,-0.6965675413438088,0.2584877527329215
-1.0,1.0,-0.24441838911969516,10.738509782535541
0.5696586273999407,-0.13791139547557796,-1.0,-3.046212375964954
-0.685787758317429,-0.1842708627166778,-0.14982639433763412,0.20273657147547558
0.6381291461633478,0.02057041862218445,-0.36601207934480695,1.943725011976046
0.5065281509206243,0.3452272649135524,0.11182024225651999,1.1263208037521788
1.0,0.9145887073670327,-0.7230655382722886,18.785499408482288
-0.3387688439648464,-0.09048603849547776,-0.39457213854094175,0.5522922164445558
0.2810818449388046,-0.48615843339083264,-1.0,-5.8801507551757375
-0.9643743357985546,0.39723095503832484,-0.7196404100911493,2.426817692953529
-0.6109980743776704,-0.03865666107196408,-1.0,0.09045849931341576
0.9259300327147888,0.2818661829391167,1.0,12.708999498420372
0.9031520301625398,0.6549069614055703,0.7172186420098252,9.542427593594587
0.37381041544733185,-0.8283420123722574,-0.7780111677639634,-2.5401717992856683
-1.0,-1.0,0.44406711670248433,11.926365805091068
0.5012409635048996,-1.0,0.7115944750026013,-0.780287388720305
1.0,0.01617687789301181,1.0,12.738206923740767
-0.1970261564200353,0.2877511688689378,-0.23341386825220178,0.5186938841319904
-0.35806025850040446,0.5413346032797852,-0.6234276908057699,-1.7954083625221746
0.4767769834698301,0.19127410608678685,-0.6319594206621846,1.7988028004675125
0.5814253809535805,0.06380961807974628,-1.0,-2.3882810797465006
1.0,-0.2640993200934221,-0.2982807970629069,4.64267460481773
0.7710107524439391,0.07837943571821704,-1.0,-0.3236706440417203
-0.3780327863268984,1.0,0.1983552951600085,6.25734348355181
1.0,-0.273195597243137,-0.4927518401050408,3.9478138695397065
-0.9760855006683682,1.0,1.0,17.298670034756363
-0.6159683868382748,0.2709635421114889,0.6052453334157484,-0.8180294706953246
0.8333702535010126,-0.7923361529828512,0.5893866558763641,0.2416021977550265
0.0491324152943462,0.8305457889147989,-0.22356519975122535,2.800613864493408
0.16398693717692958,0.27829337537846643,0.9569899922432243,1.3216005439176997
-0.4193358858427134,1.0,-0.33246685072118987,7.1211978232066535
1.0,-0.5782986025085304,0.7143033751969359,4.503946382362353
0.45451129126341616,-0.05181517745311415,-0.01997593669387121,1.8325907039888825
1.0,0.321081446560862,-0.49708648871078753,5.6060870248583425
-1.0,0.6012602698683946,-0.38549704076935853,0.14284704652183944
1.0,0.4669476650312303,-0.7965072577175587,7.307663840238326
-1.0,0.07638877399696531,0.728824326604967,-3.2448536131890613
-0.5217019488684664,-0.8053655599400416,-0.06936735835927799,1.7191582839005326
0.03007472276955858,-0.18447942159557829,-1.0,-3.533551086166832
0.010921124080220945,-0.5679197338481026,-0.42687990950915555,1.3390723675122784
0.22677960431079924,-0.6364934759465155,0.005651719920309883,1.5299210988890248
-0.13593734548313408,-1.0,0.8568082153391321,-2.372492797576872
-0.410259646845196,-0.20873455769289007,0.9466321095862849,-0.21273235455452633
-1.0,1.0,0.9034025258405689,7.871597229587264
0.7598263526911158,1.0,0.6878372523343164,9.507862273375409
0.03348015362891421,0.45816661336851294,-0.46269465906254537,-0.11061042063593701
0.8620128047753814,-0.7730145164167792,-1.0,-10.486152476338205
-0.25118588250955165,-0.9073664803046135,0.34735508561621087,1.4405483527049712
-0.09042403068525906,-0.9524292261013498,-0.1510236647473293,2.442062636344305
0.3943337628317436,-0.3327949315829817,1.0,-2.5258643590719787
-0.11898791697133504,0.9975540560435936,1.0,14.008348709577954
-1.0,0.6374484961135509,0.30695950713583686,-3.3045512523784524
0.19805682251463375,-0.3841956507369695,0.08884212960468463,1.040566713144519
-1.0,0.21446762544111508,0.43760210895594365,-4.557135247962567
0.9250378228492468,-0.13152039480688482,0.19554212401817228,3.8546322994920628
0.7611099786251359,0.04881873461432096,-0.051430006833915964,1.642453858169012
0.713902037959232,-0.9819618232064815,0.5530492829056859,-1.6292694341267806
-0.748075783119617,1.0,0.8310146683386987,7.4820225623064305
-1.0,0.19255872443562105,-1.0,13.624237109840259
0.7247183175168854,-1.0,0.6019974407207938,-2.434660066708576
1.0,-1.0,0.1306706083491429,-7.0846388754765774
-1.0,-0.3281232258948745,-0.9217420466968982,3.6039946970001457
-0.9826328787032552,-1.0,-1.0,2.95001700743826
-0.016752820442827776,-0.15369795738954228,0.8979666614236723,0.48942532786457027
0.4277932617432243,0.07595668504906383,-0.48348772243646687,0.7197606887857899
1.0,0.6818803060727161,0.043130042852186135,7.578746222043567
-0.22427901264334382,0.2812576913472411,-0.840056606947907,-0.8303079113066087
0.41522582002215525,-0.989302950179193,-0.3596186786778863,-0.4175696193432783
-0.9833440779773845,-0.1467541600692308,-0.7600010380827462,1.9613648264516548
0.4783330196530573,-0.9880377658510258,0.20511667513617615,-0.7281278240629712
-0.6882754916948517,1.0,-0.07751067846472437,5.186565690547633
0.5108694510240923,1.0,-0.1009159671582307,9.064461301721035
0.1524555299110033,-1.0,-1.0,-18.168779395584572
-0.28542187537598074,-0.5692751368571864,0.48217097453440716,0.9886127307098824
-0.6748563620276788,-0.7897518011849787,1.0,2.9319441184669643
0.163069488060134,0.41343227887065614,-0.059034303418052936,0.839653010397788
0.21623340313331907,1.0,0.4328721988493145,7.054932522446543
0.10484966767516224,0.2758941274340847,0.05509127859518381,0.5883320322187344
0.21170260350431436,0.11869494936458791,0.1975470783768576,1.122639801714814
-1.0,-0.9870151524221924,-0.7245498708365743,3.3566411179770395
0.2144808437581951,0.7925802276628668,-0.21483514760787714,2.3596593117676763
0.05757475182030691,-0.6444797856533839,0.5342044492631128,0.3135717769113031
-1.0,1.0,-0.03661773262208157,8.88368248061872
0.8161249901102885,0.782748467885009,-1.0,5.01704919056022
0.1410565696854782,1.0,-0.1313634611205481,8.90975031868891
0.8553522077554967,-0.7876657979403743,-0.3594018123873406,-0.01716978234124783
-0.6271357461449429,-0.14847674126076393,0.4554499665655962,-1.2876665010031207
0.4615627236385791,-0.3393360481310528,-0.21525581926004378,1.759095321035351
-0.4661129979968701,-0.28194201536363117,0.01500888200826811,0.3933633893610699
0.3309821942847133,-0.34482530191754,0.8304824114652753,-0.6824245569286629
-0.5246849410083976,0.950948080413492,-0.10413046932726822,2.7233552158310865
0.42142238093531614,-0.1500877076390299,1.0,-1.3618749567179147
-0.18566048674903457,0.09853194091342865,0.8493347945345089,-0.1836861452613162
-0.5186311413429354,-0.668321602644665,-0.18851789233340677,1.5519849847533034
-0.47281175321075186,0.8948079486122578,0.1728864136374657,1.7536373516539874
-1.0,0.534412694367276,0.5891030777812103,-4.543117719413166
-1.0,-0.1321611253419992,0.04282020418992705,-5.0113927615354745
0.5795764490141426,0.5073190027686072,1.0,4.043000976077862
-1.0,-0.7300144641816644,-0.5409031282394048,1.3842120091867418
-0.8676729309166182,0.24699673900747676,-0.19388941919703795,-3.102267788371447
1.0,-0.6423943017671456,-1.0,-0.4883647352063252
-0.24040267054761721,1.0,0.8533891489358114,11.045186851321942
-1.0,-0.9271237043938112,1.0,20.078796500342243
-1.0,-1.0,-1.0,2.846405128948808
0.8211795956848913,0.6217801491991908,-1.0,2.773310550561235
-1.0,-1.0,-0.8535390101957214,2.0702754678700597
1.0,-0.8602299181523783,-0.9897182143246313,-9.997314401689447
-1.0,-0.5675536517220494,0.10570487616931512,-0.6884918476879549
0.08826927862820955,-0.7484228102370962,-0.24254379680471594,1.696717158690678
0.4258400192550813,0.4590011425984757,-0.00024033905920051168,0.8907636451445782
1.0,0.6772739600581255,-0.48221915935624127,6.684257978749915
-0.42537727555852545,0.06657166928579183,0.8567572591875752,-0.9925136616089989
1.0,-0.07252535931516557,-0.7839202406045669,6.8060675949643805
-0.10518972053101638,-0.3566863695769036,-1.0,-3.9715280232447094
-1.0,0.5658000502129963,1.0,6.158197250493388
-0.4365776162149695,-0.6514678044321345,-0.23091178164149118,0.980212618641894
-0.8461340461850115,-0.13974566985587122,-0.538571229191072,-0.6935775282323472
0.638558034887011,0.029085271906987842,0.2872628581157277,1.4586451530773323
0.7480854682533782,0.2781431408147348,0.4594131372385475,2.8044359537770234
-0.9533351252456734,-1.0,0.6723091208855665,13.799011430953804
1.0,-0.859137848254125,1.0,-3.295448608743879
-1.0,-0.4621310056316801,-1.0,6.081031989806146
-0.2778548495807247,1.0,0.6454720851436226,8.49230238743227
-1.0,-0.5569429153241685,0.05691388497606997,-1.240657194997388
0.7020021302062309,-1.0,0.5295662258483882,-1.6162081939847577
-1.0,-0.19223284030134224,0.6969407175298072,-1.8358686254646166
1.0,-1.0,-0.07565755890664128,-8.297928304944733
0.685679236655087,0.04098903982571844,-0.8105702640193138,1.5054168702311932
0.6023202013475313,-0.3044456892519971,-0.16976270700090046,0.8020197969271858
-0.2655824305723806,1.0,-0.4259177152417388,7.637954655856429
-0.11929820100948896,0.6531483994408,-0.24927593292707773,0.7268872824737256
0.11028929223397155,-0.22184192193524455,-0.8727990985398193,-0.758600247339765
0.52932110341002,-0.39104442433956366,0.41649989451916736,1.4961249342795897
0.09871147169422989,0.6569574900975952,0.30007480380629725,1.6195788254676888
0.15152378492542362,-0.4562701651427996,1.0,-2.349272984038195
-0.1956458304532258,-1.0,-0.47584022471609155,0.30257494416379327
-0.45874668913430483,-0.6201077276678746,-1.0,-4.781357459762905
-1.0,1.0,1.0,17.164217017621382
0.25745549060105244,-0.01216630617507497,-1.0,-3.7092312646838472
0.35222069374313136,-0.5934705409051768,-0.05088626560630494,1.4883013875335351
-0.9219234803473904,0.5388904254056377,-0.22432301178470127,-2.436957123709131
1.0,-0.5784361429105129,0.09058458865167873,3.9661380515693923
-0.421931596362092,-0.17808371300779613,0.12790449260306214,0.647824946267497
1.0,1.0,0.36671378933618737,13.142161507102406
-0.1377022701415509,-0.09534766894558366,0.5251863439733648,-0.442489651719144
-0.48169550086444546,0.4851977897677022,0.5470586979893088,-0.7442592867541529
-1.0,0.7509611592098007,-0.18618727108836075,2.1492750642436227
-1.0,0.5276212968535157,-0.1410390059475981,-1.8276530618091322
-0.36217451611736906,-0.9768958576752422,-0.4273569332204421,1.8855565632202922
-0.8618325876066588,0.12998604485811383,-1.0,7.010000920677547
1.0,0.21204147883995472,0.8255594355554507,10.974780620643173
-0.4288902797074965,0.6494930722888126,-0.31832310329050273,-0.7113247043766218
-0.2179121733780922,-0.7873086540005776,-0.49949986060321727,1.5280349537304803
-0.5703558678894747,1.0,0.1664750900712071,4.9185531866131695
-0.5501646438113426,1.0,-0.6844961783765127,3.716625173138196
-0.1567263768020133,-0.13310608594435003,-0.5972133873368679,1.166873366327048
0.9799032710731737,1.0,-1.0,35.70659075452393
-1.0,-0.4061471446966529,-0.1560421470931006,-2.443536939987955
0.7961231056911142,0.045132391432040286,-0.06096093748763742,3.400993175733478
-0.3829840393658188,-0.6986667538578937,0.6523477782689926,0.3001110523486992
-0.5358515672057416,-0.0824543700514968,-0.6667130814851352,0.29708252897760307
-0.9554561448731314,0.8231369758058171,-0.511787020710702,2.811225949562529
-0.4235494838943705,-0.2385396644919986,0.8495662720991917,0.07471780542024231
-0.9194833437668624,-0.6994065449598461,-0.5041492174472824,1.9065318670238562
-1.0,0.0686757471020445,-0.5684157229367315,-0.5437223535120198
0.7307022999187351,0.3028709316628082,-0.8332752504313619,1.8899930079601446
0.48475266570374886,0.1511089235554619,-1.0,-1.961549283168952
-0.12724460023332673,-0.32251818339475213,1.0,-1.0019786283291787
0.02945383124460088,-0.6094650471905763,-0.20219588713211878,0.8703647427679223
1.0,-1.0,1.0,-8.893418200395336
0.635813343452643,1.0,1.0,10.395494584168828
-1.0,-0.2096682175385609,-0.5912671494469366,-1.7799105652992775
-0.4389648607459049,-0.07180733926657568,-0.5742363756144286,0.6964679682755072
-0.6568701966254198,-0.015806312298873193,0.6345289533232665,-1.4489540167662405
0.9525681959107986,0.712376408224439,-1.0,12.370555922030764
-0.9408273792716957,-1.0,-0.4791949770659232,4.758392020553641
0.4107432822028134,-0.2220263229092374,-0.16740602840024676,1.8225074774333976
1.0,-0.7249836363708297,-0.2112532689266693,1.3566932759239698
0.9274552224747763,1.0,0.5603060806827078,11.80850743429365
-0.25916093454924005,-0.4501827489875929,-0.010847537517053807,0.9911615088764683
-1.0,-0.9244409756939991,1.0,20.057720752900718
-0.5739695692448923,-1.0,-1.0,-9.944452275250896
0.191524876100168,-0.004532847108726701,-0.4389919829954052,0.7985559955063093
0.48405572042110956,1.0,0.14135461960617102,7.086515565754712
-0.7217073188595016,-0.4572356381624447,-0.5349111453442295,0.1349258395730808
-0.6913485878360657,-0.3054365038889104,1.0,1.8665307797925728
0.22372265598170316,-1.0,0.542591217051609,0.8015620527070529
-0.39906079727357735,1.0,-0.6505384816136655,5.620471356977267
-0.2610289731459765,-1.0,0.002104065557894108,2.395907892787439
-0.28617886964162187,-0.165123405933276,-0.910329249602366,-0.8614305084793229
0.08165206600068098,-0.10142355585312579,-0.20261886923938777,1.1443510274929822
-0.49909035016895364,0.11009668346752322,-0.7171024734173639,-0.15188561630508904
0.3978889660225271,-1.0,-0.9135680154761927,-14.724050714679597
0.9183897908936378,0.1466397599465341,1.0,11.26412382035952
0.14802035402473646,0.6682245274176011,-0.5634611616756278,0.38781538115040104
-0.3058117005343963,0.077546077396063,-0.8526743050804821,0.12898614702566435
1.0,0.11671052212790056,-0.043194564294285476,4.181910978202045
0.6766593239914134,0.3523370429424002,-1.0,-0.9741308525657928
-0.32417315106582767,1.0,-0.7428771078887368,5.838818517123064
-0.601666008081629,-1.0,1.0,-0.6244406563515226
-0.6128482015491272,-0.39330916850307807,0.552973577441566,0.543277017815885
0.2222359793492148,1.0,-0.15800907394474595,8.711857772811523
0.6188759331968086,-0.5141353131089894,-1.0,-6.062571018944594
0.19975620806556016,-0.3168513840675913,0.20389980324136991,0.8095405274246721
-0.058702216932462914,-1.0,-0.7086806385920414,-4.114901332218459
1.0,0.1446573438004244,-0.6505943108905969,5.938021488678499
1.0,0.0468943459870268,-0.14270054167240964,4.3438328886066255
0.755012637590633,-0.02856068503356113,-0.5105095468745975,2.002626038631572
-0.10210987104047953,-0.8237806220638035,0.08019989271715433,1.0652945233404387
0.5610063820701994,1.0,0.36301580922329824,6.936251654674103
-0.8812261573257716,0.4927465337931918,-0.07348141926254859,-3.1310623334008345
0.5767990268766505,-0.08737700399942927,0.795115069809825,0.5134211110724547
1.0,-0.15309544990204094,-0.8027983488237775,6.997130028448878
0.8907701261693104,-1.0,0.7170917114791637,-4.5039636126599225
-0.7540864742864319,-1.0,1.0,3.693952038734336
-0.5444432501641003,0.04021960793498569,0.21140899369645005,-0.47716806556555724
0.19853566474227424,0.16527230280439875,0.4260795923102194,0.8236106357821501
-0.0470454509046927,0.6439098345798042,-0.004144268369566495,0.95499592580564
-0.13725192843992584,-1.0,-0.329459679423995,1.3894672528038516
-0.04070330186509108,-1.0,-0.7294171682169717,-5.268697368356859
-0.526444460301025,-1.0,-0.2832549091918444,2.93264606097074
1.0,-0.1234967568885279,0.14730969571574515,4.863235106867133
0.3623946313046136,-1.0,0.3512222037208892,0.7658489732633562
0.1300570224932145,0.5055974477393823,-0.7708732238497895,0.08111391325387018
0.08807937815643796,-0.6054791924869645,-0.5815333928170199,0.13603720461719238
-1.0,0.6158047381193337,0.7861412056314758,-1.6072921267792977
-1.0,-0.6626630105843594,0.28899353154336427,1.642018865735702
-0.9510039464267377,-1.0,0.5513640396984574,10.703916804626264
-0.4468007774245646,0.23955847197732028,1.0,2.1864020398882786
-0.1607271860266295,0.46329732214200536,-0.29487413278562813,-0.8210489426020124
0.111825053249196,1.0,-1.0,3.7355449007528256
-1.0,-0.981170923865099,-0.28140165839753384,5.393545561026082
0.787769349223665,-0.7337352317316157,-1.0,-10.340615546673336
-1.0,-0.10172527567962697,0.6497662759318288,-2.625260664342579
0.9177072269071338,0.4329307686937398,1.0,15.212595579461953
-0.679373439141773,0.8641999060816006,0.23237601420624232,0.22025609500124577
1.0,0.8630794879675188,-0.6772034577432524,12.89919187564578
-0.38087853691629725,-0.7496219180604682,-0.13007393471505324,2.5408038199133443
-0.517135383431647,0.2353844487954695,0.586830490240031,-0.7985340854737839
-0.02014970212687417,1.0,0.12827889500284906,7.893170583350234
0.012350659315274903,0.09436180128668492,1.0,0.17769200794706125
-1.0,0.7460412394214133,0.19408812930668384,-1.2769284403993297
1.0,-0.4433312487939911,1.0,6.106496444059306
-1.0,-0.8919696533289427,-0.6092028985714613,3.5266695137724815
1.0,-0.5731495284510852,1.0,4.187529053579343
0.21619316693807344,0.21281594941540405,-1.0,-2.8582348296491986
-0.26485591604527303,1.0,-0.015090456136885422,7.173365205031789
0.09438413086587571,0.45464197878827806,1.0,2.8744393320275288
-0.5732723900007883,0.015874256712106627,0.06971256463649711,-0.9453110924494978
-0.150642345278869,0.8771681216187921,0.3038665691003173,3.2804962096613624
-0.9366000184773002,-0.3626409411572957,1.0,5.002538299101792
0.31422203160264894,-0.5558009568347912,-0.5275179512741779,0.9965725896809854
0.025707215083845103,-1.0,-1.0,-16.742236018102204
0.36631296247118894,-1.0,-0.8942942366742666,-13.425181327153686
-0.8092759834272305,0.5255135722330058,-0.38802730771052096,-1.5003047863114478
-0.06596239219981181,-0.8710662021855704,-1.0,-10.48810671251644
1.0,0.36405215304799543,1.0,19.45536228634317
-0.35706187900937025,0.3588462380775237,-0.09031477354154194,-0.9847632181613557
1.0,0.791464266665105,-0.9647628915549034,18.016922950910622
0.35892840255917946,-0.12688900586017038,-0.09742393147493722,1.2428649290065799
-0.40153819197960483,0.8702266759873731,-0.04585134877481534,1.6231424864877158
-0.4684644840607195,-0.6001726761036679,-1.0,-3.7093612041282658
0.855859759067455,0.3250949553937361,-1.0,4.007633472208447
0.35960479920681143,-0.6386439440516292,-0.38023089702846935,1.210015848995743
0.38932486972053404,-0.035350443033554946,-1.0,-2.6902897822657557
-0.47628597017913665,-0.4853888479721331,-0.19302286080239495,0.8715197169086303
0.8533256468003185,0.025772691790355795,0.3651860308189443,3.26787261156496
0.6182677913009407,1.0,0.3981095124094265,6.262589648813292
-1.0,-0.358817165884068,1.0,6.207027368674556
-0.9142129407451178,-0.6524110275254846,-0.22096224444008694,1.473566164629375
1.0,1.0,0.5075839412838281,14.182259140950745
1.0,-0.2656927965921725,-1.0,4.801149224467484
0.5072892339355768,0.3545273871322623,-0.031155760804983945,0.591125016752276
-0.4320163325349875,0.6325022582973852,1.0,5.381455809025134
1.0,1.0,0.8995273527157006,22.275354505377653
0.18148009199783388,0.11167246081070425,0.24976446685253784,0.5527892986751504
-0.039826963629125745,0.3693146799316289,-0.030498015355551855,0.524483798120723
-1.0,0.9122309707558984,-0.17029928179027531,5.92447037153011
-0.02454239440369954,-1.0,1.0,-6.4719806653700545
-0.7019241342361513,1.0,1.0,15.46810179588167
0.11082103934824494,-0.46218231788038944,-0.28926502408999144,1.3267408206992601
0.10167885649149455,0.36272702876181206,-0.26196761758270815,0.7628913471118628
-0.9637780020231628,-0.6574888795869736,0.47509003894229385,2.8987980643124427
-0.34494272126031844,-1.0,0.0724402454968156,3.4801427274067804
0.08587988483889353,-0.5500987785070233,-1.0,-6.728552447701279
-0.1221048978792183,-0.01755203666272176,-0.47800678236487726,0.0322367122989643
0.36060429094766167,-0.07429671756386891,0.5734248389918293,1.5333024118921437
-0.5151015638964203,1.0,1.0,15.17805501655998
-0.45140739414344533,0.0695413010641528,-0.8632040400169736,-0.3858433272880106
0.35591955978810375,1.0,0.01906681760025286,7.562286370465881
-0.8013458830541536,-0.42435723412157245,-0.21929572381173768,0.05541119860605864
0.8750554559719221,-0.923088024807823,1.0,-6.0946365566240495
-0.6556067778954502,1.0,0.9361278686813208,12.706067184072538
0.46944689598736966,0.004134651900658204,0.0901896165418512,1.782085976173754
-0.9014923884157859,-0.003114723622023252,-0.09201953311128608,-2.3962903855216053
1.0,0.6429946722202451,1.0,25.05633927011295
-0.8950094766730392,1.0,-0.9829060102304441,9.102353719290173
-0.7621360731003906,-1.0,1.0,4.688526211272857
0.3967943346037315,0.10177531083429336,0.40837753365816165,1.2386100419406898
0.7399366494871569,-0.644523561725939,-0.6404306530560717,0.3098500364486948
1.0,1.0,-1.0,38.86412421346015
0.2502911105383947,0.20505207491314148,0.3688600412553038,0.37562550253260024
0.11627409937521915,0.4786200897738575,-0.6691415682124542,0.41827256244946204
1.0,0.21242676876813427,-0.37034763215325817,4.276490103602998
-1.0,-0.45216200260355155,-1.0,6.086958042763792
-0.9019584729969319,1.0,-1.0,9.745959242363954
0.1270378118902007,1.0,-1.0,4.8863775778898
0.5702163242552085,-1.0,0.42913922160956,-0.17960239846053871
-0.5408977940405038,-0.45292602216871547,-0.032416773009662725,0.8551711597683238
-0.5754087260016649,-1.0,1.0,-1.9864941988148725
-1.0,1.0,-1.0,21.67481393862474
-0.3605837990326295,-0.2073915541760356,-1.0,-2.169888591128749
0.20494244517207427,0.6427872230455263,0.7284366759218257,1.8616697904058674
1.0,-1.0,-1.0,-29.838687903520782
-1.0,0.5233061483583998,0.09215077918712011,-4.043598425210415
-0.40876497827792124,1.0,-0.07873094097945699,6.260057583772737
-0.2139605432998708,-1.0,-0.3004377733250052,2.0216282761402358
1.0,0.2306215498472195,0.7046458390292512,10.023114743330865
0.883418600863608,-0.4386098690271105,0.6100425511532315,3.2978452986840683
0.7872134226779459,1.0,-0.5592172059470464,13.884844748685408
-1.0,-0.5298281997461922,-0.655266990609064,0.5440602204270371
1.0,1.0,0.4060968471185207,12.916133367287944
0.058760422197725815,0.015678044972446292,-1.0,-3.0139901228445183
-1.0,0.19082044423282318,0.05210915735479893,-4.6850173662234385
-0.19093547928174415,-0.03761719860624724,-0.5949051394043288,0.15978262463901688
-0.030444571360398465,0.5364646788779124,-0.2250180768587482,0.7153373219560781
-0.11080794441900377,-1.0,-0.3759680441846096,1.5399138931681577
0.39635276462397684,-0.8620796112780404,-1.0,-13.400176247029936
-0.0995265720215106,0.29737858236509496,-1.0,-3.6552792888827135
-1.0,-0.8767698646707627,0.31593358793148996,6.438706574147296
0.056528341976867624,0.44584097118053734,1.0,3.1496418616146755
-0.2350873533653599,-0.5765700348660185,-0.18428540100034962,2.2399447781323834
-0.7426311219712622,-0.6244271497810037,-0.19135290476151323,1.4487367563347804
0.30657751233585384,0.8274648305043808,0.037558368381642504,2.1926079911361227
0.735970798764684,-0.44790703025467216,0.7284049219543154,0.67242888224463
0.9569485930496053,-0.9814723881141032,1.0,-7.761494173249162
1.0,0.6481277846583218,-0.6298506711624172,6.923784159547128
0.6439132805087715,0.413218236711542,-0.9297180446195568,0.21477849374502023
-0.1709315156590827,0.5155579185980277,0.09352824767437462,0.6978903053966674
-0.5874245310205031,0.00950024174186681,0.40877050547693083,-1.5634696803755432
-1.0,-0.6729581112553411,0.8350198019893027,8.858986247295064
1.0,-0.773876976808288,-0.30722363793821117,1.5086594594970695
0.24334723337328246,1.0,-0.3910819450823093,9.211812394350677
1.0,1.0,0.6302617868749476,14.905130088191711
-0.4877740997932243,0.40635375057540024,-1.0,-1.9828953306739512
0.325863449427489,0.09618906641228375,0.0640217751920884,1.4161136274573454
-0.11722736386890897,1.0,0.8155850701224039,10.365810935955578
-0.841952553828768,-1.0,-1.0,-2.003635595202431
-0.4117884811414758,1.0,0.2681729980916978,6.18130078888613
-1.0,-0.33049634891030255,1.0,6.569753845217463
-1.0,0.6904999247883792,1.0,8.643495529488145
0.5781183772202458,-0.3226679924782754,0.34889493697895024,1.284495843603664
0.7010224730320902,-0.27078065480162006,0.342236954920919,1.9331337879848176
-0.9891875810216386,0.4428814496573301,-0.4938634302850349,0.06037257414291954
0.5740659528070313,0.6050477614914878,0.4138464328171947,1.7650861603018777
1.0,1.0,-0.855994840800069,32.06069029517954
0.006807187919917634,-0.6802760848534,0.7712064315572738,-0.25844492867002766
-0.07202970885381399,-0.7376137089026937,-1.0,-8.521877522552083
-0.17057714828450643,0.306171965824791,-0.5984715068218196,0.30961268473599224
-0.952581570009227,-1.0,0.21891079598126417,8.881196543268258
-1.0,-0.8681073792949521,1.0,18.612728151859027
1.0,-0.05893642882876082,-0.7305761833442148,6.142793807285282
1.0,-0.5507801476609842,-1.0,0.10233144140356165
0.5126133642228434,0.0859699731715653,1.0,-0.38933677766021557
0.4614914643002437,-1.0,0.6053077912140123,-0.24527578555089607
-0.7527272291919804,-0.6530135463793378,0.6358653872319531,3.3466107339209374
0.8615050911961148,-0.4309115138849382,-1.0,-2.7829466766537636
0.7271097403896927,-0.9940809033060836,1.0,-7.388702402840234
1.0,1.0,0.36117664919796844,13.52822171754989
-0.9520418270135156,-0.22340499261355928,-0.8614834349470006,3.442503371271755
0.021728584026026843,0.3642271306291076,0.4586954601367832,0.025554971062014376
-0.4957723059443222,0.21644880094627572,0.5566542525911415,-0.6221763956515182
-1.0,1.0,0.19642749749762722,5.720489020610189
0.9999787257924875,0.46648023843738606,-0.18421240253504667,5.2149835165960825
0.6564762128249864,0.08480444326792691,-0.10928113050694899,1.1349138385345072
0.3865535550157606,-0.3191862783386945,0.33566314124141416,0.2608863064361927
-0.6135006865184893,0.4568082282646251,-1.0,-1.7715770592336977
-0.46911948107454715,0.3776907490285859,0.2518813335700427,-1.209492419797904
1.0,-0.5261349513996849,-0.8795089288593523,4.918296685850482
-1.0,1.0,1.0,16.937051730298833
0.6935481489476103,0.04458949689562064,-1.0,-1.5867232860234413
-0.5488413732565154,0.17605640459674832,1.0,2.629290190271442
-1.0,0.1006979204815106,-0.606174297778862,-0.17846492552188337
-0.4423725970549788,-0.6266033533914332,-0.6876004600813097,1.2582141164778318
-1.0,1.0,-0.19475302604959488,10.821878508752773
1.0,-0.2982741349534901,0.5135034185666467,5.680709978608279
-0.11965065048784651,0.7848141719662856,-0.4711005805475197,1.6323388593687884
-0.8029720112830885,1.0,0.2123955828990174,3.3360274224180704
0.2948612074688235,-0.9755399275882182,-0.2262330139641786,2.183236503010867
-0.4701289613141073,0.6998603745278982,0.3606398964687001,-0.38196419111599295
1.0,1.0,-0.6466732400483945,23.897975273700784
-0.1614411927717745,1.0,-0.7958546248392719,7.492226907282835
-0.6210831761260003,1.0,0.8249485658292903,8.575543648834843
-0.17592983166648168,-0.5638628110118447,0.4663466982490949,0.5060973944405
0.26017786846531954,-1.0,0.24430102012130916,1.324710096255611
0.06144775992824858,0.294690578964812,1.0,1.6237805706067006
-1.0,-0.9976741434124741,-1.0,2.4425826635146644
-0.5162197769008061,-0.7225180868921015,0.13717189986085976,1.7646155071705971
0.20870572358767991,-0.15935489165660144,-0.28137656207834305,0.5791143356937986
1.0,0.01367626337633987,-0.5299503708746856,4.80568244254764
-0.7765788622918901,1.0,-1.0,3.5060129168149228
0.18598961700534122,-0.01587298848791363,0.4037285658741576,1.0040235526738566
0.20716865239168736,1.0,1.0,10.660359913402093
1.0,-0.033649072657083945,-0.02124810804212407,4.368764873070008
0.6604308772125682,-0.9919184545755706,0.40967873461173676,-0.887856087944074
-1.0,-0.752794762388534,-1.0,4.972744564951146
0.022795751921056873,-0.8284674661830411,-0.5734435497976931,0.13154491563131654
0.4147965153024711,-0.7068440588081846,-0.8753488911251357,-3.7440957920926468
1.0,1.0,-0.6216868695339774,23.991811278890292
-1.0,0.1723431637884867,1.0,2.1327141630273148
0.6615084557876836,0.05807422155264552,-0.5202484448817388,0.9113242126059374
-0.9976371559535928,1.0,-0.440826048457583,12.00288296774091
-1.0,0.6382708536673705,-0.60159920879416,3.938207640770379
-1.0,0.09187129881663525,0.9715820006325842,2.2749600288808702
-0.8348246638244914,0.8561857873981005,0.03031718878653189,-0.5724310306508839
-0.14690249930193122,1.0,-0.18711418892678688,7.433238542819164
-1.0,1.0,0.12596354725648973,5.946039781823291
-0.019475468458489464,-1.0,1.0,-6.658397006514848
1.0,-0.7460638169161775,-0.05896544833532058,1.6664266660857967
-0.35487698530214495,0.3432977288002357,-0.07783275146470081,-1.623034414725494
0.39014485850196934,-0.550401927908607,0.7950450677677858,0.547917883178792
-0.1973612841954404,-0.12696287008609253,1.0,0.9200290573817032
-0.9267081494743836,0.5981967844277314,-0.985977068590435,11.023359314067905
-1.0,0.3002887777430059,-0.35476714135842613,-2.4833066483842696
-0.30442786163545854,0.03546186267251694,-0.8296642082944856,-0.5107116810419166
