model,split,best_degree,best_alpha,best_l1_ratio,cv_rmse,cv_r2,test_rmse,test_mae,test_r2,seconds
ridge,90-10,12,1.0,,0.4863963084657733,0.9952683882405345,0.4788144984201053,0.3809092697380903,0.9923476434261019,44.180278062820435
lasso,90-10,14,0.00046415888336127773,,0.4920821580265664,0.995160244801322,0.4919529329748587,0.38598260119373184,0.9919219279547508,116.37829542160034
elasticnet,90-10,14,0.002154434690031882,0.2,0.48643069656376114,0.9952663563112072,0.4827471226849436,0.3788143388936722,0.9922214257471964,709.103283405304
ridge,85-15,12,1.0,,0.4942681700239874,0.9952546476959189,0.5173393270934674,0.40992361914057746,0.9911020053845514,37.96783518791199
lasso,85-15,13,0.00046415888336127773,,0.5010989549856344,0.9951204989296322,0.5248237192516421,0.413447819593846,0.9908426869712681,103.88484954833984
elasticnet,85-15,13,0.002154434690031882,0.2,0.495725181822261,0.9952258312888977,0.5182140687868975,0.4095889375810207,0.9910718896489816,577.5566830635071
ridge,80-20,12,3.1622776601683795,,0.511922814422357,0.9944831516559922,0.49473140240985775,0.3837663553089618,0.9931539562392058,32.849469900131226
lasso,80-20,12,0.00046415888336127773,,0.5112409968807944,0.9945644119159306,0.5022606776779298,0.3924820949189575,0.9929439918710522,95.41888546943665
elasticnet,80-20,14,0.002154434690031882,0.2,0.503320594561108,0.9947193338423105,0.4951398191160102,0.38271403140431093,0.993142648314383,523.3161554336548
ridge,75-25,10,1.0,,0.5027117611683025,0.9950156930202076,0.5053358114869944,0.3960908959865304,0.993440830225402,30.9396333694458
lasso,75-25,12,0.00046415888336127773,,0.5070097681234295,0.9949578381784894,0.5261757801499027,0.4060374676415433,0.9928886766436326,88.39168214797974
elasticnet,75-25,12,0.002154434690031882,0.2,0.5027657345023414,0.995029863376022,0.5043079878036176,0.39124177926005554,0.9934674850311843,507.01355934143066
ridge,70-30,10,1.0,,0.5212302086746432,0.9943679921224016,0.4893700633999606,0.38434277160251495,0.9943425725348448,31.72055172920227
lasso,70-30,12,0.00046415888336127773,,0.5313881076290216,0.9942068235269526,0.5026761166172921,0.3896909473520875,0.9940307371868886,86.64351558685303
elasticnet,70-30,12,0.002154434690031882,0.2,0.5220080544488129,0.9943843872631956,0.48674785282990013,0.3785657928828122,0.9944030389254895,491.2875418663025
